<?xml version="1.0"?>

<!--
  This file contains pool and user allocations for the Fair Scheduler.
  Its format is explained in the Fair Scheduler documentation at
  http://hadoop.apache.org/common/docs/r0.20.205.0/fair_scheduler.html.
  The documentation also includes a sample config file.
-->

<allocations>

  <pool name="high_pool">
    <minMaps>10</minMaps>
    <minReduces>10</minReduces>
    <maxMaps>50</maxMaps>
    <maxReduces>50</maxReduces>
    <maxRunningJobs>1000</maxRunningJobs>
    <weight>3</weight>
  </pool>

  <pool name="low_pool">
    <minMaps>10</minMaps>
    <minReduces>10</minReduces>
    <maxMaps>50</maxMaps>
    <maxReduces>50</maxReduces>
    <maxRunningJobs>1000</maxRunningJobs>
    <weight>1</weight>
  </pool>
  
  <pool name="default">
    <minMaps>10</minMaps>
    <minReduces>10</minReduces>
    <maxMaps>50</maxMaps>
    <maxReduces>50</maxReduces>
    <maxRunningJobs>1000</maxRunningJobs>
    <weight>1</weight>
  </pool>
  
</allocations>
